<?xml version="1.0" encoding="UTF-8"?>
<project-private xmlns="http://www.netbeans.org/ns/project-private/1">
    <editor-bookmarks xmlns="http://www.netbeans.org/ns/editor-bookmarks/2" lastBookmarkId="0"/>
    <open-files xmlns="http://www.netbeans.org/ns/projectui-open-files/2">
        <group>
            <file>file:/D:/Documentos/Nova%20pasta/Denner_e_Gabriel_PROJETO/NetBeansProjects/ProjetoDesktop/src/view/JFrameReserva.java</file>
            <file>file:/D:/Documentos/Nova%20pasta/Denner_e_Gabriel_PROJETO/NetBeansProjects/ProjetoDesktop/src/controller/DAOClientes.java</file>
            <file>file:/D:/Documentos/Nova%20pasta/Denner_e_Gabriel_PROJETO/NetBeansProjects/ProjetoDesktop/src/controller/ConexaoMySql.java</file>
            <file>file:/D:/Documentos/Nova%20pasta/Denner_e_Gabriel_PROJETO/NetBeansProjects/ProjetoDesktop/src/model/Cliente.java</file>
            <file>file:/D:/Documentos/Nova%20pasta/Denner_e_Gabriel_PROJETO/NetBeansProjects/ProjetoDesktop/src/view/JFrameCliente.java</file>
            <file>file:/D:/Documentos/Nova%20pasta/Denner_e_Gabriel_PROJETO/NetBeansProjects/ProjetoDesktop/src/controller/DAOFuncionarios.java</file>
            <file>file:/D:/Documentos/Nova%20pasta/Denner_e_Gabriel_PROJETO/NetBeansProjects/ProjetoDesktop/src/view/FramePrincipal.java</file>
            <file>file:/D:/Documentos/Nova%20pasta/Denner_e_Gabriel_PROJETO/NetBeansProjects/ProjetoDesktop/src/view/JFrameFuncionarios.java</file>
        </group>
    </open-files>
</project-private>
